-- Database should be named: el_zagal_shriners

CREATE TABLE "user" (
	"id" serial NOT NULL,
	"username" varchar(80) NOT NULL UNIQUE,
	"password" varchar(1000) NOT NULL,
	"first_name" varchar(80) NOT NULL,
	"last_name" varchar(80) NOT NULL,
	"email" varchar(500) NOT NULL,
	"primary_member_id" bigint NOT NULL,
	"is_authorized" BOOLEAN NOT NULL DEFAULT 'false',
	"is_verified" BOOLEAN NOT NULL DEFAULT 'false',
	"review_pending" BOOLEAN NOT NULL DEFAULT 'false',
	"dues_paid" DATE,
	"membership_number" int,
	"admin_level" int NOT NULL DEFAULT '0',
	CONSTRAINT "user_pk" PRIMARY KEY ("id")
) WITH (
  OIDS=FALSE
);



CREATE TABLE "vendors" (
	"id" serial NOT NULL,
	"name" varchar(1000) NOT NULL,
	"address" varchar(1000),
	"city" varchar(100) NOT NULL,
	"state_code" varchar(2) NOT NULL,
	"zip" numeric(5,0),
	"website_url" varchar(1000),
	CONSTRAINT "vendors_pk" PRIMARY KEY ("id")
) WITH (
  OIDS=FALSE
);



CREATE TABLE "discounts" (
	"id" serial NOT NULL,
	"vendor_id" bigint NOT NULL,
	"discount_description" varchar(1000) NOT NULL,
	"discount_summary" varchar(15) NOT NULL,
	"start_date" DATE,
	"expiration_date" DATE,
	"discount_usage" varchar(255) NOT NULL,
	"category_id" int NOT NULL,
	"is_shown" BOOLEAN NOT NULL DEFAULT 'true',
	"is_regional" BOOLEAN NOT NULL DEFAULT 'false',
	CONSTRAINT "discounts_pk" PRIMARY KEY ("id")
) WITH (
  OIDS=FALSE
);



CREATE TABLE "categories" (
	"id" serial NOT NULL,
	"name" varchar(255) NOT NULL,
	"icon_class" varchar(255) NOT NULL,
	CONSTRAINT "categories_pk" PRIMARY KEY ("id")
) WITH (
  OIDS=FALSE
);



CREATE TABLE "discounts_tracked" (
	"id" serial NOT NULL,
	"discount_id" bigint NOT NULL,
	"user_id" bigint NOT NULL,
	"date" DATE NOT NULL,
	CONSTRAINT "discounts_tracked_pk" PRIMARY KEY ("id")
) WITH (
  OIDS=FALSE
);



CREATE TABLE "location" (
	"id" serial NOT NULL,
	"city" varchar(100) NOT NULL,
	"state_code" varchar(2) NOT NULL,
	"lng" DECIMAL NOT NULL,
	"lat" DECIMAL NOT NULL,
	CONSTRAINT "location_pk" PRIMARY KEY ("id")
) WITH (
  OIDS=FALSE
);

CREATE TABLE "dependent_tokens" (
	"id" serial NOT NULL,
	"primary_member_id" bigint NOT NULL,
	"token" varchar(75) NOT NULL,
	"email" varchar(50) NOT NULL,
	CONSTRAINT "dependent_tokens_pk" PRIMARY KEY ("id")
) WITH (
  OIDS=FALSE
);

CREATE TABLE "password_tokens" (
	"id" serial NOT NULL,
	"token" varchar(75) NOT NULL,
	"email" varchar(50) NOT NULL,
	"primary_member_id" bigint NOT NULL,
	CONSTRAINT "password_tokens_pk" PRIMARY KEY ("id")
) WITH (
  OIDS=FALSE
);

-- Password token alter statement
ALTER TABLE "password_tokens" ADD CONSTRAINT "password_tokens_fk0" FOREIGN KEY ("primary_member_id") REFERENCES "user"("id");

-- Use this after adding dependent tokens table
ALTER TABLE "dependent_tokens" ADD CONSTRAINT "dependent_tokens_fk0" FOREIGN KEY ("primary_member_id") REFERENCES "user"("id");

ALTER TABLE "user" ADD CONSTRAINT "user_fk0" FOREIGN KEY ("primary_member_id") REFERENCES "user"("id");

-- DOUBLE CHECK THAT THE "DELETE ON CASCADE" IS WORKING AS INTENDED || Tested working in Postico
ALTER TABLE "discounts" ADD CONSTRAINT "discounts_fk0" FOREIGN KEY ("vendor_id") REFERENCES "vendors"("id") ON DELETE CASCADE;
ALTER TABLE "discounts" ADD CONSTRAINT "discounts_fk1" FOREIGN KEY ("category_id") REFERENCES "categories"("id");

-- DOUBLE CHECK THAT THE "DELETE ON CASCADE" IS WORKING AS INTENDED || Tested working in Postico
ALTER TABLE "discounts_tracked" ADD CONSTRAINT "discounts_tracked_fk0" FOREIGN KEY ("discount_id") REFERENCES "discounts"("id") ON DELETE CASCADE;
ALTER TABLE "discounts_tracked" ADD CONSTRAINT "discounts_tracked_fk1" FOREIGN KEY ("user_id") REFERENCES "user"("id") ON DELETE CASCADE;

-- SAMPLE USERS 15
INSERT INTO "user" ("username", "password", "first_name", "last_name", "email", "is_authorized", "primary_member_id", "is_verified", "review_pending", "dues_paid", "membership_number", "admin_level")
VALUES ('johndoe', '$2a$10$UrXwP8Jo9s3YzM/1ce8miuhKR8RnoymEzKVM5Y1yyznu5z2QRT8ky', 'John', 'Doe', 'johndoe@gmail.com', 'true', 1, 'true', 'false', '2022/1/1', 31524, 0),
('janedoe', '$2a$10$UrXwP8Jo9s3YzM/1ce8miuhKR8RnoymEzKVM5Y1yyznu5z2QRT8ky', 'Jane', 'Doe', 'janedoe@gmail.com', 'true', 1, 'true', 'false', '2022/1/1', null, 0),
('jareddoe', '$2a$10$UrXwP8Jo9s3YzM/1ce8miuhKR8RnoymEzKVM5Y1yyznu5z2QRT8ky', 'Jared', 'Doe', 'jareddoe@gmail.com', 'true', 1, 'true', 'false', '2022/1/1', null, 0),
('bobsmith', '$2a$10$UrXwP8Jo9s3YzM/1ce8miuhKR8RnoymEzKVM5Y1yyznu5z2QRT8ky', 'Bob', 'Smith', 'bobsmith@gmail.com', 'true', 1, 'true', 'false', '2022/1/1', null, 0),
('jimanderson', '$2a$10$UrXwP8Jo9s3YzM/1ce8miuhKR8RnoymEzKVM5Y1yyznu5z2QRT8ky', 'Jim', 'Anderson', 'jimmy@gmail.com', 'true', 1, 'true', 'false', '2022/1/1', null, 0),
('admin', '$2a$10$UrXwP8Jo9s3YzM/1ce8miuhKR8RnoymEzKVM5Y1yyznu5z2QRT8ky', 'Admin', 'Admin', 'Admin@admin.com', 'true', 6, 'true', 'false', '2022/1/1', 99999, 4),
-- Above is base presentation; Below is safe cluster data
('susansmith', '$2a$10$UrXwP8Jo9s3YzM/1ce8miuhKR8RnoymEzKVM5Y1yyznu5z2QRT8ky', 'Susan', 'Jackson', 'susanj@gmail.com', 'true', 7, 'true', 'false', '2022/1/1', 26357, 0),
('johnsmith', '$2a$10$UrXwP8Jo9s3YzM/1ce8miuhKR8RnoymEzKVM5Y1yyznu5z2QRT8ky', 'John', 'Jackson', 'johnj@gmail.com', 'true', 7, 'true', 'false', '2022/1/1', null, 0),
('janedoer', '$2a$10$UrXwP8Jo9s3YzM/1ce8miuhKR8RnoymEzKVM5Y1yyznu5z2QRT8ky', 'Jane', 'Anderson', 'janedoe@gmail.com', 'true', 9, 'true', 'false', '2022/1/1', 83457, 0),
('maryjaney', '$2a$10$UrXwP8Jo9s3YzM/1ce8miuhKR8RnoymEzKVM5Y1yyznu5z2QRT8ky', 'Mary', 'Anderson', 'maryjane@gmail.com', 'true', 10, 'true', 'false', '2022/1/1', 23677, 0),
('susandoe', '$2a$10$UrXwP8Jo9s3YzM/1ce8miuhKR8RnoymEzKVM5Y1yyznu5z2QRT8ky', 'Lilly', 'Peterson', 'susandoe@gmail.com', 'true', 10, 'true', 'false', '2022/1/1', null, 0),
('johnsmithy', '$2a$10$UrXwP8Jo9s3YzM/1ce8miuhKR8RnoymEzKVM5Y1yyznu5z2QRT8ky', 'John', 'Peterson', 'johnsmith@gmail.com', 'true', 10, 'true', 'false', '2022/1/1', null, 0),
('janesmither', '$2a$10$UrXwP8Jo9s3YzM/1ce8miuhKR8RnoymEzKVM5Y1yyznu5z2QRT8ky', 'Jane', 'Harvard', 'janesmith@gmail.com', 'true', 13, 'true', 'false', '2022/1/1', 73453, 0),
('bobsmit', '$2a$10$UrXwP8Jo9s3YzM/1ce8miuhKR8RnoymEzKVM5Y1yyznu5z2QRT8ky', 'Bob', 'Harvard', 'bobsmith@gmail.com', 'true', 13, 'true', 'false', '2022/1/1', null, 0),
('maryjan', '$2a$10$UrXwP8Jo9s3YzM/1ce8miuhKR8RnoymEzKVM5Y1yyznu5z2QRT8ky', 'Mary', 'Dover', 'maryjane@gmail.com', 'true', 15, 'true', 'false', '2022/1/1', 84634, 0),
('susansmithy', '$2a$10$UrXwP8Jo9s3YzM/1ce8miuhKR8RnoymEzKVM5Y1yyznu5z2QRT8ky', 'Susan', 'Dover', 'susansmith@gmail.com', 'true', 16, 'true', 'false', '2022/1/1', 74433, 0),
('susansmither', '$2a$10$UrXwP8Jo9s3YzM/1ce8miuhKR8RnoymEzKVM5Y1yyznu5z2QRT8ky', 'Susan', 'Smither', 'susanj@gmail.com', 'true', 17, 'true', 'false', '2022/1/1', 84358, 0),
('johnsmither', '$2a$10$UrXwP8Jo9s3YzM/1ce8miuhKR8RnoymEzKVM5Y1yyznu5z2QRT8ky', 'John', 'Smither', 'johnj@gmail.com', 'true', 17, 'true', 'false', '2022/1/1', null, 0),
('janydoer', '$2a$10$UrXwP8Jo9s3YzM/1ce8miuhKR8RnoymEzKVM5Y1yyznu5z2QRT8ky', 'Jane', 'Doer', 'janedoe@gmail.com', 'true', 19, 'true', 'false', '2022/1/1', 12685, 0),
('maryjaniey', '$2a$10$UrXwP8Jo9s3YzM/1ce8miuhKR8RnoymEzKVM5Y1yyznu5z2QRT8ky', 'Mary', 'Jane', 'maryjane@gmail.com', 'true', 20, 'true', 'false', '2022/1/1', 23479, 0),
('susandoer', '$2a$10$UrXwP8Jo9s3YzM/1ce8miuhKR8RnoymEzKVM5Y1yyznu5z2QRT8ky', 'Susan', 'Doer', 'susandoe@gmail.com', 'true', 20, 'true', 'false', '2022/1/1', null, 0),
('jacksmithy', '$2a$10$UrXwP8Jo9s3YzM/1ce8miuhKR8RnoymEzKVM5Y1yyznu5z2QRT8ky', 'Jacky', 'Smithy', 'johnsmith@gmail.com', 'true', 20, 'true', 'false', '2022/1/1', null, 0),
('janesmithor', '$2a$10$UrXwP8Jo9s3YzM/1ce8miuhKR8RnoymEzKVM5Y1yyznu5z2QRT8ky', 'Jane', 'Smithor', 'janesmith@gmail.com', 'true', 23, 'true', 'false', '2022/1/1', 04358, 0),
('natebob', '$2a$10$UrXwP8Jo9s3YzM/1ce8miuhKR8RnoymEzKVM5Y1yyznu5z2QRT8ky', 'Nate', 'Bob', 'bobsmith@gmail.com', 'true', 23, 'true', 'false', '2022/1/1', null, 0),
('roseree', '$2a$10$UrXwP8Jo9s3YzM/1ce8miuhKR8RnoymEzKVM5Y1yyznu5z2QRT8ky', 'Rose', 'Ree', 'maryjane@gmail.com', 'true', 25, 'true', 'false', '2022/1/1', 83421, 0),
('susansmit', '$2a$10$UrXwP8Jo9s3YzM/1ce8miuhKR8RnoymEzKVM5Y1yyznu5z2QRT8ky', 'Susan', 'Smitt', 'susansmith@gmail.com', 'true', 26, 'true', 'false', '2022/1/1', 95342, 0),
('susansmitherson', '$2a$10$UrXwP8Jo9s3YzM/1ce8miuhKR8RnoymEzKVM5Y1yyznu5z2QRT8ky', 'Susan', 'Smitherson', 'susanj@gmail.com', 'true', 27, 'true', 'false', '2022/1/1', 47386, 0),
('johnsmitherson', '$2a$10$UrXwP8Jo9s3YzM/1ce8miuhKR8RnoymEzKVM5Y1yyznu5z2QRT8ky', 'John', 'Smitherson', 'johnj@gmail.com', 'true', 27, 'true', 'false', '2022/1/1', null, 0),
('janiedoe', '$2a$10$UrXwP8Jo9s3YzM/1ce8miuhKR8RnoymEzKVM5Y1yyznu5z2QRT8ky', 'Janie', 'Doe', 'janedoe@gmail.com', 'true', 29, 'true', 'false', '2022/1/1', 23588, 0),
('mariejaney', '$2a$10$UrXwP8Jo9s3YzM/1ce8miuhKR8RnoymEzKVM5Y1yyznu5z2QRT8ky', 'Mary', 'Janey', 'maryjane@gmail.com', 'true', 30, 'true', 'false', '2022/1/1', 84265, 0),
('lillydoe', '$2a$10$UrXwP8Jo9s3YzM/1ce8miuhKR8RnoymEzKVM5Y1yyznu5z2QRT8ky', 'Lilly', 'Doe', 'susandoe@gmail.com', 'true', 30, 'true', 'false', '2022/1/1', null, 0),
('jacksmith', '$2a$10$UrXwP8Jo9s3YzM/1ce8miuhKR8RnoymEzKVM5Y1yyznu5z2QRT8ky', 'Jacky', 'Smith', 'johnsmith@gmail.com', 'true', 30, 'true', 'false', '2022/1/1', null, 0),
('cassymeyer', '$2a$10$UrXwP8Jo9s3YzM/1ce8miuhKR8RnoymEzKVM5Y1yyznu5z2QRT8ky', 'Cassy', 'Meyer', 'janesmith@gmail.com', 'true', 33, 'true', 'false', '2022/1/1', 23732, 0),
('benbob', '$2a$10$UrXwP8Jo9s3YzM/1ce8miuhKR8RnoymEzKVM5Y1yyznu5z2QRT8ky', 'Ben', 'Bobber', 'bobsmith@gmail.com', 'true', 33, 'true', 'false', '2022/1/1', null, 0),
('isabellajohn', '$2a$10$UrXwP8Jo9s3YzM/1ce8miuhKR8RnoymEzKVM5Y1yyznu5z2QRT8ky', 'Isabella', 'John', 'maryjane@gmail.com', 'true', 35, 'true', 'false', '2022/1/1', 17842, 0),
('susiesmith', '$2a$10$UrXwP8Jo9s3YzM/1ce8miuhKR8RnoymEzKVM5Y1yyznu5z2QRT8ky', 'Susie', 'Smith', 'susansmith@gmail.com', 'true', 36, 'true', 'false', '2022/1/1', 18344, 0),
('susanschmitt', '$2a$10$UrXwP8Jo9s3YzM/1ce8miuhKR8RnoymEzKVM5Y1yyznu5z2QRT8ky', 'Susan', 'Schmitt', 'susanj@gmail.com', 'true', 37, 'true', 'false', '2022/1/1', 93476, 0),
('johnschmit', '$2a$10$UrXwP8Jo9s3YzM/1ce8miuhKR8RnoymEzKVM5Y1yyznu5z2QRT8ky', 'John', 'Schmit', 'johnj@gmail.com', 'true', 37, 'true', 'false', '2022/1/1', null, 0),
('janicedoer', '$2a$10$UrXwP8Jo9s3YzM/1ce8miuhKR8RnoymEzKVM5Y1yyznu5z2QRT8ky', 'Janice', 'Docerson', 'janedoe@gmail.com', 'true', 39, 'true', 'false', '2022/1/1', 03564, 0),
('mariajane', '$2a$10$UrXwP8Jo9s3YzM/1ce8miuhKR8RnoymEzKVM5Y1yyznu5z2QRT8ky', 'Anne', 'Doerson', 'maryjane@gmail.com', 'true', 40, 'true', 'false', '2022/1/1', 26884, 0),
('annedoe', '$2a$10$UrXwP8Jo9s3YzM/1ce8miuhKR8RnoymEzKVM5Y1yyznu5z2QRT8ky', 'Anne', 'Marie', 'susandoe@gmail.com', 'true', 40, 'true', 'false', '2022/1/1', null, 0),
('tylersmith', '$2a$10$UrXwP8Jo9s3YzM/1ce8miuhKR8RnoymEzKVM5Y1yyznu5z2QRT8ky', 'Tyler', 'Smithson', 'johnsmith@gmail.com', 'true', 40, 'true', 'false', '2022/1/1', null, 0),
('brendajane', '$2a$10$UrXwP8Jo9s3YzM/1ce8miuhKR8RnoymEzKVM5Y1yyznu5z2QRT8ky', 'Brenda', 'Jane', 'janesmith@gmail.com', 'true', 43, 'true', 'false', '2022/1/1', 00446, 0),
('joshiabob', '$2a$10$UrXwP8Jo9s3YzM/1ce8miuhKR8RnoymEzKVM5Y1yyznu5z2QRT8ky', 'Josia', 'Bob', 'bobsmith@gmail.com', 'true', 43, 'true', 'false', '2022/1/1', null, 0),
('maryjanice', '$2a$10$UrXwP8Jo9s3YzM/1ce8miuhKR8RnoymEzKVM5Y1yyznu5z2QRT8ky', 'Mary', 'Janice', 'maryjane@gmail.com', 'true', 45, 'true', 'false', '2022/1/1', 16374, 0),
('susiesmithy', '$2a$10$UrXwP8Jo9s3YzM/1ce8miuhKR8RnoymEzKVM5Y1yyznu5z2QRT8ky', 'Susan', 'Smithsonian', 'susansmith@gmail.com', 'true', 46, 'true', 'false', '2022/1/1', 34578, 0),
-- Below will be the problem child accounts
('jaxster', '$2a$10$UrXwP8Jo9s3YzM/1ce8miuhKR8RnoymEzKVM5Y1yyznu5z2QRT8ky', 'Jax', 'Jefferson', 'Jaxj@gmail.com', 'false', 47, 'true', 'false', '2021/1/1', 83452, 0),
('lorijef', '$2a$10$UrXwP8Jo9s3YzM/1ce8miuhKR8RnoymEzKVM5Y1yyznu5z2QRT8ky', 'Lori', 'Jefferson', 'Lorij@gmail.com', 'true', 47, 'true', 'false', '2021/1/1', null, 0),
('alexster', '$2a$10$UrXwP8Jo9s3YzM/1ce8miuhKR8RnoymEzKVM5Y1yyznu5z2QRT8ky', 'Alex', 'Enderson', 'Alexe@gmail.com', 'false', 49, 'true', 'true', '2022/1/1', 34683, 0),
('henderson', '$2a$10$UrXwP8Jo9s3YzM/1ce8miuhKR8RnoymEzKVM5Y1yyznu5z2QRT8ky', 'Henry', 'Henderson', 'Hennyson@gmail.com', 'false', 50, 'true', 'true', '2022/1/1', 58943, 0),
('lexiasto', '$2a$10$UrXwP8Jo9s3YzM/1ce8miuhKR8RnoymEzKVM5Y1yyznu5z2QRT8ky', 'Alexia', 'Lecton', 'Alexton@gmail.com', 'false', 51, 'false', 'false', '2022/1/1', 63457, 0),
('billyjo', '$2a$10$UrXwP8Jo9s3YzM/1ce8miuhKR8RnoymEzKVM5Y1yyznu5z2QRT8ky', 'Billy-Jo', 'Johnson', 'bjohnson@gmail.com', 'false', 52, 'false', 'false', '2022/1/1', 24844, 0);

-- SAMPLE CITIES
INSERT INTO "location" ("city", "state_code", "lng", "lat")
VALUES ('Fargo', 'ND', '-96.789803', '46.877186'),
		('Jamestown', 'ND', '-98.708534', '46.909538'),
		('Moorhead', 'MN', '-96.7678', '46.8738'),
		('Detroit Lakes', 'MN', '-95.848160', '46.827316'),
		('Bismarck', 'ND', '-100.778275', '46.825905'),
		('Mandan', 'ND', '-100.889580', '46.826660'),
		('Ada', 'MN', '-96.515346', '47.299689'),
		('Williston', 'ND', '-103.6180', '48.1470'),
		('Valley City', 'ND', '-98.003159', '46.923313');

-- SAMPLE CATEGORIES 9 items
INSERT INTO "categories" ("name", "icon_class")
VALUES ('Food', 'food'),
		('Drinks', 'drinks'),
		('Sports', 'sports'),
		('Entertainment', 'entertainment'),
		('Lodging', 'lodging'),
		('Shopping', 'shopping'),
		('Rentals', 'rentals'),
		('Home', 'home'),
		('Services', 'services'),
		('Other', 'other'),
		('Health/Beauty', 'health');

--Sample Vendors 20 items
INSERT INTO "vendors"("name","address","city","state_code","zip")
VALUES ('Joe''s Diner', '123 Main St', 'Fargo', 'ND', '58103'),
		('Mary''s Flower Shop', '456 Elm St', 'Fargo', 'ND', '58103'),
		('Bill''s Bar', '987 5th Ave', 'Fargo', 'ND', '58103'),
		('Joe''s Pizzeria', '123 Main St', 'Williston', 'ND', '55801'),
		('Sam''s Grocery', '12 3rd Ave', 'Moorhead', 'MN', '56560'),
		('John''s Barbershop', '789 Oak St', 'Jamestown', 'ND', '53579'),
		('Anderson''s Bakery', '345 6th St', 'Ada', 'MN', '56234'),
		('Susan''s Sewing', '678 9th Ave', 'Detroit Lakes', 'MN', '56765'),
		('Mike''s Mechanic', '901 12th St', 'Mandan', 'ND', '58789'),
		('Bill''s Books', '234 15th Ave', 'Valley City', 'ND', '58210'),
		('Joe''s Pizza', '567 18th St', 'Jamestown', 'ND', '58543'),
		('Tom''s Tailor', '890 21st Ave', 'Moorhead', 'MN', '56560'),
		('Smith and Co', '456 1st Ave', 'Bismarck', 'ND', '55283'),
		('Tom''s Diner', '789 2nd St', 'Bismarck', 'ND', '57801'),
		('Mary''s Beauty Salon', '321 3rd Ave', 'Valley City', 'ND', '58103'),
		('Mike''s Garage', '654 4th St', 'Valley City', 'ND', '58103'),
		('John''s Plumbing', '741 6th St', 'Moorhead', 'MN', '56560'),
		('Susan''s Bookstore', '852 7th Ave', 'Moorhead', 'MN', '56560'),
		('Larry''s Bakery', '963 8th Ave', 'Ada', 'MN', '56008'),
		('Carol''s Restaurant', '753 9th ave', 'Ada', 'MN', '56009');

--Sample discounts 35 items
INSERT INTO "discounts"("vendor_id","discount_description","discount_summary","start_date","expiration_date","discount_usage","category_id")
VALUES (1,'Shriners get 10% off any Dinner Purchase','10% Dinner',NULL,NULL,'Show Shriner Card',1),
		(2,'25% off purchase of flowers','25% off',NULL,NULL,'25OFF',10),
		(1,'Shriners get 15% off any Lunch Purchase between 11am and 2pm','15% Lunch',NULL,NULL,'Show Shriner Card',1),
		(1,'Holiday Delivery Discount','20% Delivery','2022/11/20','2022/12/20','SHRINERDELIVERY',1),
		(2,'Free delivery of flowers in town','Free Delivery',NULL,NULL,'DELFREE',10),
		(1,'Buy one Get one Pie Slices','BOGO Pie Slices',NULL,NULL,'BOGOPIE',1),
		(3,'Buy One Get One Burgers','BOGO Burgers',NULL,NULL,'Show Shriner ID', 1),
		(3,'$2 You call it Thursday Happy Hour 5pm - 8pm','$2 You Calls',NULL,NULL,'Show Shriner ID', 1),
		(5,'Holiday - 15% off Deli foods','15% Deli','2022/11/01','2023/01/01','Show Shriner Card',1),
		(4,'Buy one Get one Slice Wednesdays','BOGO Slice',NULL,NULL,'b0g0p13',1),
		(4,'20% off all Menu price ites','20% off Menu',NULL,NULL,'25OFF',1),
		(random() * 15 + 5,'A description of the discount will go here','BOGO 50% off',NULL,NULL,'50 Off',random() * 7 + 2),
		(random() * 15 + 5,'A description of the discount will go here','10% off',NULL,NULL,'Present ID',random() * 7 + 2),
		(random() * 15 + 5,'A description of the discount will go here','15% off',NULL,NULL,'Sdgljner425',random() * 7 + 2),
		(random() * 15 + 5,'A description of the discount will go here','20% off',NULL,NULL,'Mention Shriner',random() * 7 + 2),
		(random() * 15 + 5,'A description of the discount will go here','BOGO Wings',NULL,NULL,'3gh456herwg',random() * 7 + 2),
		(random() * 15 + 5,'A description of the discount will go here','BOGO Beer',NULL,NULL,'BOGOBEER',random() * 7 + 2),
		(random() * 15 + 5,'A description of the discount will go here','BOGO 50% off',NULL,NULL,'50 Off',random() * 7 + 2),
		(random() * 15 + 5,'A description of the discount will go here','10% off',NULL,NULL,'Present ID',random() * 7 + 2),
		(random() * 15 + 5,'A description of the discount will go here','15% off',NULL,NULL,'Sdgljner425',random() * 7 + 2),
		(random() * 15 + 5,'A description of the discount will go here','20% off',NULL,NULL,'Mention Shriner',random() * 7 + 2),
		(random() * 15 + 5,'A description of the discount will go here','BOGO Wings',NULL,NULL,'3gh456herwg',random() * 7 + 2),
		(random() * 15 + 5,'A description of the discount will go here','BOGO Beer',NULL,NULL,'BOGOBEER',random() * 7 + 2),
		(random() * 15 + 5,'A description of the discount will go here','BOGO 50% off',NULL,NULL,'50 Off',random() * 7 + 2),
		(random() * 15 + 5,'A description of the discount will go here','10% off',NULL,NULL,'Present ID',random() * 7 + 2),
		(random() * 15 + 5,'A description of the discount will go here','15% off',NULL,NULL,'Sdgljner425',random() * 7 + 2),
		(random() * 15 + 5,'A description of the discount will go here','20% off',NULL,NULL,'Mention Shriner',random() * 7 + 2),
		(random() * 15 + 5,'A description of the discount will go here','BOGO Wings',NULL,NULL,'3gh456herwg',random() * 7 + 2),
		(random() * 15 + 5,'A description of the discount will go here','BOGO Beer',NULL,NULL,'BOGOBEER',random() * 7 + 2),
		(random() * 15 + 5,'A description of the discount will go here','BOGO 50% off',NULL,NULL,'50 Off',random() * 7 + 2),
		(random() * 15 + 5,'A description of the discount will go here','10% off',NULL,NULL,'Present ID',random() * 7 + 2),
		(random() * 15 + 5,'A description of the discount will go here','15% off',NULL,NULL,'Sdgljner425',random() * 7 + 2),
		(random() * 15 + 5,'A description of the discount will go here','20% off',NULL,NULL,'Mention Shriner',random() * 7 + 2),
		(random() * 15 + 5,'A description of the discount will go here','BOGO Wings',NULL,NULL,'3gh456herwg',random() * 7 + 2),
		(random() * 15 + 5,'A description of the discount will go here','BOGO Beer',NULL,NULL,'BOGOBEER',random() * 7 + 2),
		(random() * 15 + 5,'A description of the discount will go here','BOGO 50% off',NULL,NULL,'50 Off',random() * 7 + 2),
		(random() * 15 + 5,'A description of the discount will go here','15% off',NULL,NULL,'Sdgljner425',random() * 7 + 2),
		(random() * 15 + 5,'A description of the discount will go here','20% off',NULL,NULL,'Mention Shriner',random() * 7 + 2),
		(random() * 15 + 5,'A description of the discount will go here','BOGO Wings',NULL,NULL,'3gh456herwg',random() * 7 + 2),
		(random() * 15 + 5,'A description of the discount will go here','BOGO Beer',NULL,NULL,'BOGOBEER',random() * 7 + 2),
		(random() * 15 + 5,'A description of the discount will go here','BOGO 50% off',NULL,NULL,'50 Off',random() * 7 + 2),
		(random() * 15 + 5,'A description of the discount will go here','10% off',NULL,NULL,'Present ID',random() * 7 + 2),
		(random() * 15 + 5,'A description of the discount will go here','15% off',NULL,NULL,'Sdgljner425',random() * 7 + 2),
		(random() * 15 + 5,'A description of the discount will go here','20% off',NULL,NULL,'Mention Shriner',random() * 7 + 2),
		(random() * 15 + 5,'A description of the discount will go here','BOGO Wings',NULL,NULL,'3gh456herwg',random() * 7 + 2),
		(random() * 15 + 5,'A description of the discount will go here','BOGO Beer',NULL,NULL,'BOGOBEER',random() * 7 + 2),
		(random() * 15 + 5,'A description of the discount will go here','BOGO 50% off',NULL,NULL,'50 Off',random() * 7 + 2),
		(random() * 15 + 5,'A description of the discount will go here','10% off',NULL,NULL,'Present ID',random() * 7 + 2),
		(random() * 15 + 5,'A description of the discount will go here','15% off',NULL,NULL,'Sdgljner425',random() * 7 + 2),
		(random() * 15 + 5,'A description of the discount will go here','20% off',NULL,NULL,'Mention Shriner',random() * 7 + 2),
		(random() * 15 + 5,'A description of the discount will go here','BOGO Wings',NULL,NULL,'3gh456herwg',random() * 7 + 2),
		(random() * 15 + 5,'A description of the discount will go here','BOGO Beer',NULL,NULL,'BOGOBEER',random() * 7 + 2),
		(random() * 15 + 5,'A description of the discount will go here','BOGO 50% off',NULL,NULL,'50 Off',random() * 7 + 2),
		(random() * 15 + 5,'A description of the discount will go here','10% off',NULL,NULL,'Present ID',random() * 7 + 2),
		(random() * 15 + 5,'A description of the discount will go here','15% off',NULL,NULL,'Sdgljner425',random() * 7 + 2),
		(random() * 15 + 5,'A description of the discount will go here','20% off',NULL,NULL,'Mention Shriner',random() * 7 + 2),
		(random() * 15 + 5,'A description of the discount will go here','BOGO Wings',NULL,NULL,'3gh456herwg',random() * 7 + 2),
		(random() * 15 + 5,'A description of the discount will go here','BOGO Beer',NULL,NULL,'BOGOBEER',random() * 7 + 2),
		(random() * 15 + 5,'A description of the discount will go here','BOGO 50% off',NULL,NULL,'50 Off',random() * 7 + 2),
		(random() * 15 + 5,'A description of the discount will go here','10% off',NULL,NULL,'Present ID',random() * 7 + 2),
		(random() * 15 + 5,'A description of the discount will go here','15% off',NULL,NULL,'Sdgljner425',random() * 7 + 2),
		(random() * 15 + 5,'A description of the discount will go here','20% off',NULL,NULL,'Mention Shriner',random() * 7 + 2),
		(random() * 15 + 5,'A description of the discount will go here','BOGO Wings',NULL,NULL,'3gh456herwg',random() * 7 + 2),
		(random() * 15 + 5,'A description of the discount will go here','BOGO Beer',NULL,NULL,'BOGOBEER',random() * 7 + 2),
		(random() * 15 + 5,'A description of the discount will go here','BOGO 50% off',NULL,NULL,'50 Off',random() * 7 + 2),
		(random() * 15 + 5,'A description of the discount will go here','10% off',NULL,NULL,'Present ID',random() * 7 + 2),
		(random() * 15 + 5,'A description of the discount will go here','15% off',NULL,NULL,'Sdgljner425',random() * 7 + 2),
		(random() * 15 + 5,'A description of the discount will go here','20% off',NULL,NULL,'Mention Shriner',random() * 7 + 2),
		(random() * 15 + 5,'A description of the discount will go here','BOGO Wings',NULL,NULL,'3gh456herwg',random() * 7 + 2),
		(random() * 15 + 5,'A description of the discount will go here','BOGO Beer',NULL,NULL,'BOGOBEER',random() * 7 + 2),
		(random() * 15 + 5,'A description of the discount will go here','BOGO 50% off',NULL,NULL,'50 Off',random() * 7 + 2),
		(random() * 15 + 5,'A description of the discount will go here','15% off',NULL,NULL,'Sdgljner425',random() * 7 + 2),
		(random() * 15 + 5,'A description of the discount will go here','20% off',NULL,NULL,'Mention Shriner',random() * 7 + 2),
		(random() * 15 + 5,'A description of the discount will go here','BOGO Wings',NULL,NULL,'3gh456herwg',random() * 7 + 2),
		(random() * 15 + 5,'A description of the discount will go here','BOGO Beer',NULL,NULL,'BOGOBEER',random() * 7 + 2),
		(random() * 15 + 5,'A description of the discount will go here','BOGO 50% off',NULL,NULL,'50 Off',random() * 7 + 2),
		(random() * 15 + 5,'A description of the discount will go here','10% off',NULL,NULL,'Present ID',random() * 7 + 2),
		(random() * 15 + 5,'A description of the discount will go here','15% off',NULL,NULL,'Sdgljner425',random() * 7 + 2),
		(random() * 15 + 5,'A description of the discount will go here','20% off',NULL,NULL,'Mention Shriner',random() * 7 + 2),
		(random() * 15 + 5,'A description of the discount will go here','BOGO Wings',NULL,NULL,'3gh456herwg',random() * 7 + 2),
		(random() * 15 + 5,'A description of the discount will go here','BOGO Beer',NULL,NULL,'BOGOBEER',random() * 7 + 2),
		(random() * 15 + 5,'A description of the discount will go here','BOGO 50% off',NULL,NULL,'50 Off',random() * 7 + 2),
		(random() * 15 + 5,'A description of the discount will go here','10% off',NULL,NULL,'Present ID',random() * 7 + 2),
		(random() * 15 + 5,'A description of the discount will go here','15% off',NULL,NULL,'Sdgljner425',random() * 7 + 2),
		(random() * 15 + 5,'A description of the discount will go here','20% off',NULL,NULL,'Mention Shriner',random() * 7 + 2),
		(random() * 15 + 5,'A description of the discount will go here','BOGO Wings',NULL,NULL,'3gh456herwg',random() * 7 + 2),
		(random() * 15 + 5,'A description of the discount will go here','BOGO Beer',NULL,NULL,'BOGOBEER',random() * 7 + 2),
		(random() * 15 + 5,'A description of the discount will go here','BOGO 50% off',NULL,NULL,'50 Off',random() * 7 + 2),
		(random() * 15 + 5,'A description of the discount will go here','10% off',NULL,NULL,'Present ID',random() * 7 + 2),
		(random() * 15 + 5,'A description of the discount will go here','15% off',NULL,NULL,'Sdgljner425',random() * 7 + 2),
		(random() * 15 + 5,'A description of the discount will go here','20% off',NULL,NULL,'Mention Shriner',random() * 7 + 2),
		(random() * 15 + 5,'A description of the discount will go here','BOGO Wings',NULL,NULL,'3gh456herwg',random() * 7 + 2),
		(random() * 15 + 5,'A description of the discount will go here','BOGO Beer',NULL,NULL,'BOGOBEER',random() * 7 + 2),
		(random() * 15 + 5,'A description of the discount will go here','BOGO 50% off',NULL,NULL,'50 Off',random() * 7 + 2),
		(random() * 15 + 5,'A description of the discount will go here','10% off',NULL,NULL,'Present ID',random() * 7 + 2),
		(random() * 15 + 5,'A description of the discount will go here','15% off',NULL,NULL,'Sdgljner425',random() * 7 + 2),
		(random() * 15 + 5,'A description of the discount will go here','20% off',NULL,NULL,'Mention Shriner',random() * 7 + 2),
		(random() * 15 + 5,'A description of the discount will go here','BOGO Wings',NULL,NULL,'3gh456herwg',random() * 7 + 2),
		(random() * 15 + 5,'A description of the discount will go here','BOGO Beer',NULL,NULL,'BOGOBEER',random() * 7 + 2),
		(random() * 15 + 5,'A description of the discount will go here','BOGO 50% off',NULL,NULL,'50 Off',random() * 7 + 2),
		(random() * 15 + 5,'A description of the discount will go here','10% off',NULL,NULL,'Present ID',random() * 7 + 2),
		(random() * 15 + 5,'A description of the discount will go here','15% off',NULL,NULL,'Sdgljner425',random() * 7 + 2),
		(random() * 15 + 5,'A description of the discount will go here','20% off',NULL,NULL,'Mention Shriner',random() * 7 + 2),
		(random() * 15 + 5,'A description of the discount will go here','BOGO Wings',NULL,NULL,'3gh456herwg',random() * 7 + 2),
		(random() * 15 + 5,'A description of the discount will go here','BOGO Beer',NULL,NULL,'BOGOBEER',random() * 7 + 2),
		(random() * 15 + 5,'A description of the discount will go here','BOGO 50% off',NULL,NULL,'50 Off',random() * 7 + 2);

--Sample discount tracking
INSERT INTO "discounts_tracked"("discount_id","user_id","date")
VALUES (random() * 34 + 1,random() * 50 + 1,'2022-10-14'),
		(random() * 34 + 1,random() * 50 + 1,'2022-11-14'),
		(random() * 34 + 1,random() * 50 + 1,'2021-12-14'),
		(random() * 34 + 1,random() * 50 + 1,'2021-11-01'),
		(random() * 34 + 1,random() * 50 + 1,'2022-08-14'),
		(random() * 34 + 1,random() * 50 + 1,'2021-02-14'),
		(random() * 34 + 1,random() * 50 + 1,'2022-11-14'),
		(random() * 34 + 1,random() * 50 + 1,'2022-06-14'),
		(random() * 34 + 1,random() * 50 + 1,'2021-11-14'),
		(random() * 34 + 1,random() * 50 + 1,'2022-08-14'),
		(random() * 34 + 1,random() * 50 + 1,'2021-12-14'),
		(random() * 34 + 1,random() * 50 + 1,'2021-12-14'),
		(random() * 34 + 1,random() * 50 + 1,'2021-12-14'),
		(random() * 34 + 1,random() * 50 + 1,'2022-10-14'),
		(random() * 34 + 1,random() * 50 + 1,'2022-11-14'),
		(random() * 34 + 1,random() * 50 + 1,'2021-12-14'),
		(random() * 34 + 1,random() * 50 + 1,'2021-11-01'),
		(random() * 34 + 1,random() * 50 + 1,'2022-08-14'),
		(random() * 34 + 1,random() * 50 + 1,'2021-02-14'),
		(random() * 34 + 1,random() * 50 + 1,'2022-11-14'),
		(random() * 34 + 1,random() * 50 + 1,'2022-06-14'),
		(random() * 34 + 1,random() * 50 + 1,'2021-11-14'),
		(random() * 34 + 1,random() * 50 + 1,'2022-08-14'),
		(random() * 34 + 1,random() * 50 + 1,'2021-12-14'),
		(random() * 34 + 1,random() * 50 + 1,'2021-12-14'),
		(random() * 34 + 1,random() * 50 + 1,'2021-12-14'),
		(random() * 34 + 1,random() * 50 + 1,'2022-10-14'),
		(random() * 34 + 1,random() * 50 + 1,'2022-11-14'),
		(random() * 34 + 1,random() * 50 + 1,'2021-12-14'),
		(random() * 34 + 1,random() * 50 + 1,'2021-11-01'),
		(random() * 34 + 1,random() * 50 + 1,'2022-08-14'),
		(random() * 34 + 1,random() * 50 + 1,'2021-02-14'),
		(random() * 34 + 1,random() * 50 + 1,'2022-11-14'),
		(random() * 34 + 1,random() * 50 + 1,'2022-06-14'),
		(random() * 34 + 1,random() * 50 + 1,'2021-11-14'),
		(random() * 34 + 1,random() * 50 + 1,'2022-08-14'),
		(random() * 34 + 1,random() * 50 + 1,'2021-12-14'),
		(random() * 34 + 1,random() * 50 + 1,'2021-12-14'),
		(random() * 34 + 1,random() * 50 + 1,'2021-12-14'),
		(random() * 34 + 1,random() * 50 + 1,'2022-10-14'),
		(random() * 34 + 1,random() * 50 + 1,'2022-11-14'),
		(random() * 34 + 1,random() * 50 + 1,'2021-12-14'),
		(random() * 34 + 1,random() * 50 + 1,'2021-11-01'),
		(random() * 34 + 1,random() * 50 + 1,'2022-08-14'),
		(random() * 34 + 1,random() * 50 + 1,'2021-02-14'),
		(random() * 34 + 1,random() * 50 + 1,'2022-11-14'),
		(random() * 34 + 1,random() * 50 + 1,'2022-06-14'),
		(random() * 34 + 1,random() * 50 + 1,'2021-11-14'),
		(random() * 34 + 1,random() * 50 + 1,'2022-08-14'),
		(random() * 34 + 1,random() * 50 + 1,'2021-12-14'),
		(random() * 34 + 1,random() * 50 + 1,'2021-12-14'),
		(random() * 34 + 1,random() * 50 + 1,'2021-12-14'),
		(random() * 34 + 1,random() * 50 + 1,'2022-10-14'),
		(random() * 34 + 1,random() * 50 + 1,'2022-11-14'),
		(random() * 34 + 1,random() * 50 + 1,'2021-12-14'),
		(random() * 34 + 1,random() * 50 + 1,'2021-11-01'),
		(random() * 34 + 1,random() * 50 + 1,'2022-08-14'),
		(random() * 34 + 1,random() * 50 + 1,'2021-02-14'),
		(random() * 34 + 1,random() * 50 + 1,'2022-11-14'),
		(random() * 34 + 1,random() * 50 + 1,'2022-06-14'),
		(random() * 34 + 1,random() * 50 + 1,'2021-11-14'),
		(random() * 34 + 1,random() * 50 + 1,'2022-08-14'),
		(random() * 34 + 1,random() * 50 + 1,'2021-12-14'),
		(random() * 34 + 1,random() * 50 + 1,'2021-12-14'),
		(random() * 34 + 1,random() * 50 + 1,'2021-12-14'),
		(random() * 34 + 1,random() * 50 + 1,'2022-10-14'),
		(random() * 34 + 1,random() * 50 + 1,'2022-11-14'),
		(random() * 34 + 1,random() * 50 + 1,'2021-12-14'),
		(random() * 34 + 1,random() * 50 + 1,'2021-11-01'),
		(random() * 34 + 1,random() * 50 + 1,'2022-08-14'),
		(random() * 34 + 1,random() * 50 + 1,'2021-02-14'),
		(random() * 34 + 1,random() * 50 + 1,'2022-11-14'),
		(random() * 34 + 1,random() * 50 + 1,'2022-06-14'),
		(random() * 34 + 1,random() * 50 + 1,'2021-11-14'),
		(random() * 34 + 1,random() * 50 + 1,'2022-08-14'),
		(random() * 34 + 1,random() * 50 + 1,'2021-12-14'),
		(random() * 34 + 1,random() * 50 + 1,'2021-12-14'),
		(random() * 34 + 1,random() * 50 + 1,'2021-12-14'),
		(random() * 34 + 1,random() * 50 + 1,'2022-11-14'),
		(random() * 34 + 1,random() * 50 + 1,'2021-12-14'),
		(random() * 34 + 1,random() * 50 + 1,'2021-11-01'),
		(random() * 34 + 1,random() * 50 + 1,'2022-08-14'),
		(random() * 34 + 1,random() * 50 + 1,'2021-02-14'),
		(random() * 34 + 1,random() * 50 + 1,'2022-11-14'),
		(random() * 34 + 1,random() * 50 + 1,'2022-06-14'),
		(random() * 34 + 1,random() * 50 + 1,'2021-11-14'),
		(random() * 34 + 1,random() * 50 + 1,'2022-08-14'),
		(random() * 34 + 1,random() * 50 + 1,'2021-12-14'),
		(random() * 34 + 1,random() * 50 + 1,'2021-12-14'),
		(random() * 34 + 1,random() * 50 + 1,'2021-12-14'),
		(random() * 34 + 1,random() * 50 + 1,'2022-10-14'),
		(random() * 34 + 1,random() * 50 + 1,'2022-11-14'),
		(random() * 34 + 1,random() * 50 + 1,'2021-12-14'),
		(random() * 34 + 1,random() * 50 + 1,'2021-11-01'),
		(random() * 34 + 1,random() * 50 + 1,'2022-08-14'),
		(random() * 34 + 1,random() * 50 + 1,'2021-02-14'),
		(random() * 34 + 1,random() * 50 + 1,'2022-11-14'),
		(random() * 34 + 1,random() * 50 + 1,'2022-06-14'),
		(random() * 34 + 1,random() * 50 + 1,'2021-11-14'),
		(random() * 34 + 1,random() * 50 + 1,'2022-08-14'),
		(random() * 34 + 1,random() * 50 + 1,'2021-12-14'),
		(random() * 34 + 1,random() * 50 + 1,'2021-12-14'),
		(random() * 34 + 1,random() * 50 + 1,'2021-12-14'),
		(random() * 34 + 1,random() * 50 + 1,'2022-10-14'),
		(random() * 34 + 1,random() * 50 + 1,'2022-11-14'),
		(random() * 34 + 1,random() * 50 + 1,'2021-12-14'),
		(random() * 34 + 1,random() * 50 + 1,'2021-11-01'),
		(random() * 34 + 1,random() * 50 + 1,'2022-08-14'),
		(random() * 34 + 1,random() * 50 + 1,'2021-02-14'),
		(random() * 34 + 1,random() * 50 + 1,'2022-11-14'),
		(random() * 34 + 1,random() * 50 + 1,'2022-06-14'),
		(random() * 34 + 1,random() * 50 + 1,'2021-11-14'),
		(random() * 34 + 1,random() * 50 + 1,'2022-08-14'),
		(random() * 34 + 1,random() * 50 + 1,'2021-12-14'),
		(random() * 34 + 1,random() * 50 + 1,'2021-12-14'),
		(random() * 34 + 1,random() * 50 + 1,'2021-12-14'),
		(random() * 34 + 1,random() * 50 + 1,'2022-10-14'),
		(random() * 34 + 1,random() * 50 + 1,'2022-11-14'),
		(random() * 34 + 1,random() * 50 + 1,'2021-12-14'),
		(random() * 34 + 1,random() * 50 + 1,'2021-11-01'),
		(random() * 34 + 1,random() * 50 + 1,'2022-08-14'),
		(random() * 34 + 1,random() * 50 + 1,'2021-02-14'),
		(random() * 34 + 1,random() * 50 + 1,'2022-11-14'),
		(random() * 34 + 1,random() * 50 + 1,'2022-06-14'),
		(random() * 34 + 1,random() * 50 + 1,'2021-11-14'),
		(random() * 34 + 1,random() * 50 + 1,'2022-08-14'),
		(random() * 34 + 1,random() * 50 + 1,'2021-12-14'),
		(random() * 34 + 1,random() * 50 + 1,'2021-12-14'),
		(random() * 34 + 1,random() * 50 + 1,'2021-12-14'),
		(random() * 34 + 1,random() * 50 + 1,'2022-10-14'),
		(random() * 34 + 1,random() * 50 + 1,'2022-11-14'),
		(random() * 34 + 1,random() * 50 + 1,'2021-12-14'),
		(random() * 34 + 1,random() * 50 + 1,'2021-11-01'),
		(random() * 34 + 1,random() * 50 + 1,'2022-08-14'),
		(random() * 34 + 1,random() * 50 + 1,'2021-02-14'),
		(random() * 34 + 1,random() * 50 + 1,'2022-11-14'),
		(random() * 34 + 1,random() * 50 + 1,'2022-06-14'),
		(random() * 34 + 1,random() * 50 + 1,'2021-11-14'),
		(random() * 34 + 1,random() * 50 + 1,'2022-08-14'),
		(random() * 34 + 1,random() * 50 + 1,'2021-12-14'),
		(random() * 34 + 1,random() * 50 + 1,'2021-12-14'),
		(random() * 34 + 1,random() * 50 + 1,'2021-12-14'),
		(random() * 34 + 1,random() * 50 + 1,'2022-10-14'),
		(random() * 34 + 1,random() * 50 + 1,'2022-11-14'),
		(random() * 34 + 1,random() * 50 + 1,'2021-12-14'),
		(random() * 34 + 1,random() * 50 + 1,'2021-11-01'),
		(random() * 34 + 1,random() * 50 + 1,'2022-08-14'),
		(random() * 34 + 1,random() * 50 + 1,'2021-02-14'),
		(random() * 34 + 1,random() * 50 + 1,'2022-11-14'),
		(random() * 34 + 1,random() * 50 + 1,'2022-06-14'),
		(random() * 34 + 1,random() * 50 + 1,'2021-11-14'),
		(random() * 34 + 1,random() * 50 + 1,'2022-08-14'),
		(random() * 34 + 1,random() * 50 + 1,'2021-12-14'),
		(random() * 34 + 1,random() * 50 + 1,'2021-12-14'),
		(random() * 34 + 1,random() * 50 + 1,'2021-12-14'),
		(random() * 34 + 1,random() * 50 + 1,'2022-11-14'),
		(random() * 34 + 1,random() * 50 + 1,'2021-12-14'),
		(random() * 34 + 1,random() * 50 + 1,'2021-11-01'),
		(random() * 34 + 1,random() * 50 + 1,'2022-08-14'),
		(random() * 34 + 1,random() * 50 + 1,'2021-02-14'),
		(random() * 34 + 1,random() * 50 + 1,'2022-11-14'),
		(random() * 34 + 1,random() * 50 + 1,'2022-06-14'),
		(random() * 34 + 1,random() * 50 + 1,'2021-11-14'),
		(random() * 34 + 1,random() * 50 + 1,'2022-08-14'),
		(random() * 34 + 1,random() * 50 + 1,'2021-12-14'),
		(random() * 34 + 1,random() * 50 + 1,'2021-12-14'),
		(random() * 34 + 1,random() * 50 + 1,'2021-12-14'),
		(random() * 34 + 1,random() * 50 + 1,'2022-10-14'),
		(random() * 34 + 1,random() * 50 + 1,'2022-11-14'),
		(random() * 34 + 1,random() * 50 + 1,'2021-12-14'),
		(random() * 34 + 1,random() * 50 + 1,'2021-11-01'),
		(random() * 34 + 1,random() * 50 + 1,'2022-08-14'),
		(random() * 34 + 1,random() * 50 + 1,'2021-02-14'),
		(random() * 34 + 1,random() * 50 + 1,'2022-11-14'),
		(random() * 34 + 1,random() * 50 + 1,'2022-06-14'),
		(random() * 34 + 1,random() * 50 + 1,'2021-11-14'),
		(random() * 34 + 1,random() * 50 + 1,'2022-08-14'),
		(random() * 34 + 1,random() * 50 + 1,'2021-12-14'),
		(random() * 34 + 1,random() * 50 + 1,'2021-12-14'),
		(random() * 34 + 1,random() * 50 + 1,'2021-12-14'),
		(random() * 34 + 1,random() * 50 + 1,'2022-10-14'),
		(random() * 34 + 1,random() * 50 + 1,'2022-11-14'),
		(random() * 34 + 1,random() * 50 + 1,'2021-12-14'),
		(random() * 34 + 1,random() * 50 + 1,'2021-11-01'),
		(random() * 34 + 1,random() * 50 + 1,'2022-08-14'),
		(random() * 34 + 1,random() * 50 + 1,'2021-02-14'),
		(random() * 34 + 1,random() * 50 + 1,'2022-11-14'),
		(random() * 34 + 1,random() * 50 + 1,'2022-06-14'),
		(random() * 34 + 1,random() * 50 + 1,'2021-11-14'),
		(random() * 34 + 1,random() * 50 + 1,'2022-08-14'),
		(random() * 34 + 1,random() * 50 + 1,'2021-12-14'),
		(random() * 34 + 1,random() * 50 + 1,'2021-12-14'),
		(random() * 34 + 1,random() * 50 + 1,'2021-12-14'),
		(random() * 34 + 1,random() * 50 + 1,'2022-10-14'),
		(random() * 34 + 1,random() * 50 + 1,'2022-11-14'),
		(random() * 34 + 1,random() * 50 + 1,'2021-12-14'),
		(random() * 34 + 1,random() * 50 + 1,'2021-11-01'),
		(random() * 34 + 1,random() * 50 + 1,'2022-08-14'),
		(random() * 34 + 1,random() * 50 + 1,'2021-02-14'),
		(random() * 34 + 1,random() * 50 + 1,'2022-11-14'),
		(random() * 34 + 1,random() * 50 + 1,'2022-06-14'),
		(random() * 34 + 1,random() * 50 + 1,'2021-11-14'),
		(random() * 34 + 1,random() * 50 + 1,'2022-08-14'),
		(random() * 34 + 1,random() * 50 + 1,'2021-12-14'),
		(random() * 34 + 1,random() * 50 + 1,'2021-12-14'),
		(random() * 34 + 1,random() * 50 + 1,'2021-12-14'),
		(random() * 34 + 1,random() * 50 + 1,'2022-10-14'),
		(random() * 34 + 1,random() * 50 + 1,'2022-11-14'),
		(random() * 34 + 1,random() * 50 + 1,'2021-12-14'),
		(random() * 34 + 1,random() * 50 + 1,'2021-11-01'),
		(random() * 34 + 1,random() * 50 + 1,'2022-08-14'),
		(random() * 34 + 1,random() * 50 + 1,'2021-02-14'),
		(random() * 34 + 1,random() * 50 + 1,'2022-11-14'),
		(random() * 34 + 1,random() * 50 + 1,'2022-06-14'),
		(random() * 34 + 1,random() * 50 + 1,'2021-11-14'),
		(random() * 34 + 1,random() * 50 + 1,'2022-08-14'),
		(random() * 34 + 1,random() * 50 + 1,'2021-12-14'),
		(random() * 34 + 1,random() * 50 + 1,'2021-12-14'),
		(random() * 34 + 1,random() * 50 + 1,'2021-12-14'),
		(random() * 34 + 1,random() * 50 + 1,'2022-10-14'),
		(random() * 34 + 1,random() * 50 + 1,'2022-11-14'),
		(random() * 34 + 1,random() * 50 + 1,'2021-12-14'),
		(random() * 34 + 1,random() * 50 + 1,'2021-11-01'),
		(random() * 34 + 1,random() * 50 + 1,'2022-08-14'),
		(random() * 34 + 1,random() * 50 + 1,'2021-02-14'),
		(random() * 34 + 1,random() * 50 + 1,'2022-11-14'),
		(random() * 34 + 1,random() * 50 + 1,'2022-06-14'),
		(random() * 34 + 1,random() * 50 + 1,'2021-11-14'),
		(random() * 34 + 1,random() * 50 + 1,'2022-08-14'),
		(random() * 34 + 1,random() * 50 + 1,'2021-12-14'),
		(random() * 34 + 1,random() * 50 + 1,'2021-12-14'),
		(random() * 34 + 1,random() * 50 + 1,'2021-12-14'),
		(random() * 34 + 1,random() * 50 + 1,'2022-11-14'),
		(random() * 34 + 1,random() * 50 + 1,'2021-12-14'),
		(random() * 34 + 1,random() * 50 + 1,'2021-11-01'),
		(random() * 34 + 1,random() * 50 + 1,'2022-08-14'),
		(random() * 34 + 1,random() * 50 + 1,'2021-02-14'),
		(random() * 34 + 1,random() * 50 + 1,'2022-11-14'),
		(random() * 34 + 1,random() * 50 + 1,'2022-06-14'),
		(random() * 34 + 1,random() * 50 + 1,'2021-11-14'),
		(random() * 34 + 1,random() * 50 + 1,'2022-08-14'),
		(random() * 34 + 1,random() * 50 + 1,'2021-12-14'),
		(random() * 34 + 1,random() * 50 + 1,'2021-12-14'),
		(random() * 34 + 1,random() * 50 + 1,'2021-12-14'),
		(random() * 34 + 1,random() * 50 + 1,'2022-10-14'),
		(random() * 34 + 1,random() * 50 + 1,'2022-11-14'),
		(random() * 34 + 1,random() * 50 + 1,'2021-12-14'),
		(random() * 34 + 1,random() * 50 + 1,'2021-11-01'),
		(random() * 34 + 1,random() * 50 + 1,'2022-08-14'),
		(random() * 34 + 1,random() * 50 + 1,'2021-02-14'),
		(random() * 34 + 1,random() * 50 + 1,'2022-11-14'),
		(random() * 34 + 1,random() * 50 + 1,'2022-06-14'),
		(random() * 34 + 1,random() * 50 + 1,'2021-11-14'),
		(random() * 34 + 1,random() * 50 + 1,'2022-08-14'),
		(random() * 34 + 1,random() * 50 + 1,'2021-12-14'),
		(random() * 34 + 1,random() * 50 + 1,'2021-12-14'),
		(random() * 34 + 1,random() * 50 + 1,'2021-12-14'),
		(random() * 34 + 1,random() * 50 + 1,'2022-10-14'),
		(random() * 34 + 1,random() * 50 + 1,'2022-11-14'),
		(random() * 34 + 1,random() * 50 + 1,'2021-12-14'),
		(random() * 34 + 1,random() * 50 + 1,'2021-11-01'),
		(random() * 34 + 1,random() * 50 + 1,'2022-08-14'),
		(random() * 34 + 1,random() * 50 + 1,'2021-02-14'),
		(random() * 34 + 1,random() * 50 + 1,'2022-11-14'),
		(random() * 34 + 1,random() * 50 + 1,'2022-06-14'),
		(random() * 34 + 1,random() * 50 + 1,'2021-11-14'),
		(random() * 34 + 1,random() * 50 + 1,'2022-08-14'),
		(random() * 34 + 1,random() * 50 + 1,'2021-12-14'),
		(random() * 34 + 1,random() * 50 + 1,'2021-12-14'),
		(random() * 34 + 1,random() * 50 + 1,'2021-12-14'),
		(random() * 34 + 1,random() * 50 + 1,'2022-10-14'),
		(random() * 34 + 1,random() * 50 + 1,'2022-11-14'),
		(random() * 34 + 1,random() * 50 + 1,'2021-12-14'),
		(random() * 34 + 1,random() * 50 + 1,'2021-11-01'),
		(random() * 34 + 1,random() * 50 + 1,'2022-08-14'),
		(random() * 34 + 1,random() * 50 + 1,'2021-02-14'),
		(random() * 34 + 1,random() * 50 + 1,'2022-11-14'),
		(random() * 34 + 1,random() * 50 + 1,'2022-06-14'),
		(random() * 34 + 1,random() * 50 + 1,'2021-11-14'),
		(random() * 34 + 1,random() * 50 + 1,'2022-08-14'),
		(random() * 34 + 1,random() * 50 + 1,'2021-12-14'),
		(random() * 34 + 1,random() * 50 + 1,'2021-12-14'),
		(random() * 34 + 1,random() * 50 + 1,'2021-12-14'),
		(random() * 34 + 1,random() * 50 + 1,'2022-10-14'),
		(random() * 34 + 1,random() * 50 + 1,'2022-11-14'),
		(random() * 34 + 1,random() * 50 + 1,'2021-12-14'),
		(random() * 34 + 1,random() * 50 + 1,'2021-11-01'),
		(random() * 34 + 1,random() * 50 + 1,'2022-08-14'),
		(random() * 34 + 1,random() * 50 + 1,'2021-02-14'),
		(random() * 34 + 1,random() * 50 + 1,'2022-11-14'),
		(random() * 34 + 1,random() * 50 + 1,'2022-06-14'),
		(random() * 34 + 1,random() * 50 + 1,'2021-11-14'),
		(random() * 34 + 1,random() * 50 + 1,'2022-08-14'),
		(random() * 34 + 1,random() * 50 + 1,'2021-12-14'),
		(random() * 34 + 1,random() * 50 + 1,'2021-12-14'),
		(random() * 34 + 1,random() * 50 + 1,'2021-12-14'),
		(random() * 34 + 1,random() * 50 + 1,'2022-10-14'),
		(random() * 34 + 1,random() * 50 + 1,'2022-11-14'),
		(random() * 34 + 1,random() * 50 + 1,'2021-12-14'),
		(random() * 34 + 1,random() * 50 + 1,'2021-11-01'),
		(random() * 34 + 1,random() * 50 + 1,'2022-08-14'),
		(random() * 34 + 1,random() * 50 + 1,'2021-02-14'),
		(random() * 34 + 1,random() * 50 + 1,'2022-11-14'),
		(random() * 34 + 1,random() * 50 + 1,'2022-06-14'),
		(random() * 34 + 1,random() * 50 + 1,'2021-11-14'),
		(random() * 34 + 1,random() * 50 + 1,'2022-08-14'),
		(random() * 34 + 1,random() * 50 + 1,'2021-12-14'),
		(random() * 34 + 1,random() * 50 + 1,'2021-12-14'),
		(random() * 34 + 1,random() * 50 + 1,'2021-12-14');

